Item Code,Item Name,Barcode,Brand,Supplier,Brand Source,Supplier Source
3636,اساور استيل شانل,363636,شانل,,Inferred from item name,No supplier rows in product_supplierinfo dump section
6666,اساور استيل ماركة مع الخاتم,666666,,,Not found in dump,No supplier rows in product_supplierinfo dump section
2525,اساور زركون مع الخاتم ملون,252525,,,Not found in dump,No supplier rows in product_supplierinfo dump section
6363,اساور زركون طوابق,636363,,,Not found in dump,No supplier rows in product_supplierinfo dump section
8.2352,اساور زركون بناتي,8.23528.2352,,,Not found in dump,No supplier rows in product_supplierinfo dump section
5561,اساور كرستال مع الخاتم,55615561,,,Not found in dump,No supplier rows in product_supplierinfo dump section
113135,اطواق فيونكه 3 حبه كرت 8 شكل,6220221131350,,,Not found in dump,No supplier rows in product_supplierinfo dump section
113317,اطواق راقي 9 موديل 6/9,6972202211284,,,Not found in dump,No supplier rows in product_supplierinfo dump section
113341,اطواق صوف 2 حبه كرت 6 شكل,6983521875422,,,Not found in dump,No supplier rows in product_supplierinfo dump section
113342,اطواق قماش 3 حبه كرت 8 موديل,6980056655680,,,Not found in dump,No supplier rows in product_supplierinfo dump section
113345,اطواق لولو 2 حبه كرت 7 موديل,6913711133452,,,Not found in dump,No supplier rows in product_supplierinfo dump section
113390,اطواق شتوي عدد 4 شكل 3,6920240928015,,,Not found in dump,No supplier rows in product_supplierinfo dump section
6972202211,اطواق راقي 8 اشكال 2,697220221128,,,Not found in dump,No supplier rows in product_supplierinfo dump section
00020,00020,8904047600020,,,Not found in dump,No supplier rows in product_supplierinfo dump section
003-4560,003-4560,6288002810733,,,Not found in dump,No supplier rows in product_supplierinfo dump section
003-4561,003-4561,6288002810740,,,Not found in dump,No supplier rows in product_supplierinfo dump section
003-4562,003-4562,6288002810757,,,Not found in dump,No supplier rows in product_supplierinfo dump section
003-4563,003-4563,6288002810764,,,Not found in dump,No supplier rows in product_supplierinfo dump section
003-4564,003-4564,6288002810771,,,Not found in dump,No supplier rows in product_supplierinfo dump section
003-4565,003-4565,6288002811457,,,Not found in dump,No supplier rows in product_supplierinfo dump section
003-4566,003-4566,6288002811471,,,Not found in dump,No supplier rows in product_supplierinfo dump section
003-4568,003-4568,6288002811488,,,Not found in dump,No supplier rows in product_supplierinfo dump section
003-4570,003-4570,6288002811440,,,Not found in dump,No supplier rows in product_supplierinfo dump section
01111,حزامات عريض,50001111,,,Not found in dump,No supplier rows in product_supplierinfo dump section
01111,حزامات جنيهات صغير,50002331,,,Not found in dump,No supplier rows in product_supplierinfo dump section
01149,01149,4000196901149,,,Not found in dump,No supplier rows in product_supplierinfo dump section
01163,01163,4000196901163,,,Not found in dump,No supplier rows in product_supplierinfo dump section
01187,01187,4000196901187,,,Not found in dump,No supplier rows in product_supplierinfo dump section
01289,01289,5017007601289,,,Not found in dump,No supplier rows in product_supplierinfo dump section
0285425,0285425,3014260285425,,,Not found in dump,No supplier rows in product_supplierinfo dump section
0351,0351,010181040351,,,Not found in dump,No supplier rows in product_supplierinfo dump section
04736,04736,077043104736,,,Not found in dump,No supplier rows in product_supplierinfo dump section
060524,060524,6926770577150,,,Not found in dump,No supplier rows in product_supplierinfo dump section
064-7,064-7,6971606200641,,,Not found in dump,No supplier rows in product_supplierinfo dump section
06661,اساور رجالي جلد,2580607306661,,,Not found in dump,No supplier rows in product_supplierinfo dump section
06732,سريوم اكليل الجبل,854102006732,,,Not found in dump,No supplier rows in product_supplierinfo dump section
08663,08663,6912347908663,,,Not found in dump,No supplier rows in product_supplierinfo dump section
09276,09276,6923656109276,,,Not found in dump,No supplier rows in product_supplierinfo dump section
10004,10004,540010004,,,Not found in dump,No supplier rows in product_supplierinfo dump section
10110,10110,110110110,,,Not found in dump,No supplier rows in product_supplierinfo dump section
10111,10111,110110111,,,Not found in dump,No supplier rows in product_supplierinfo dump section
10112,10112,110110112,,,Not found in dump,No supplier rows in product_supplierinfo dump section
10113,10113,110110113,,,Not found in dump,No supplier rows in product_supplierinfo dump section
10114,10114,110110114,,,Not found in dump,No supplier rows in product_supplierinfo dump section
10115,10115,110110115,,,Not found in dump,No supplier rows in product_supplierinfo dump section
10116,10116,110110116,,,Not found in dump,No supplier rows in product_supplierinfo dump section
10117,10117,110110117,,,Not found in dump,No supplier rows in product_supplierinfo dump section
10118,10118,110110118,,,Not found in dump,No supplier rows in product_supplierinfo dump section
10119,10119,110110119,,,Not found in dump,No supplier rows in product_supplierinfo dump section
10122,10122,110110122,,,Not found in dump,No supplier rows in product_supplierinfo dump section
10133,10133,6920257910133,,,Not found in dump,No supplier rows in product_supplierinfo dump section
1014,1014,3846441975494,,,Not found in dump,No supplier rows in product_supplierinfo dump section
1014,1014,6971606210145,,,Not found in dump,No supplier rows in product_supplierinfo dump section
1016A,1016A,2282471632685,,,Not found in dump,No supplier rows in product_supplierinfo dump section
1017,1017,5572616423399,,,Not found in dump,No supplier rows in product_supplierinfo dump section
1017A,1017A,6971606210176,,,Not found in dump,No supplier rows in product_supplierinfo dump section
1018,1018,18260513,,,Not found in dump,No supplier rows in product_supplierinfo dump section
10183,10183,3944841810183,,,Not found in dump,No supplier rows in product_supplierinfo dump section
10188,10188,6920257910188,,,Not found in dump,No supplier rows in product_supplierinfo dump section
10323,اساور كف,7998194610323,,,Not found in dump,No supplier rows in product_supplierinfo dump section
1036,شفرات حواجب فلمنجو,4902470171036,فلمنجو,,Inferred from item name,No supplier rows in product_supplierinfo dump section
10379,10379,6947247910379,,,Not found in dump,No supplier rows in product_supplierinfo dump section
10430,10430,6920257910430,,,Not found in dump,No supplier rows in product_supplierinfo dump section
10447,10447,6920257910447,,,Not found in dump,No supplier rows in product_supplierinfo dump section
10485,10485,6920257910485,,,Not found in dump,No supplier rows in product_supplierinfo dump section
10539,10539,6920257910539,,,Not found in dump,No supplier rows in product_supplierinfo dump section
105392,105392,8998866105392,,,Not found in dump,No supplier rows in product_supplierinfo dump section
10540,10540,5395173310540,,,Not found in dump,No supplier rows in product_supplierinfo dump section
10584,10584,6920257910584,,,Not found in dump,No supplier rows in product_supplierinfo dump section
10591,10591,6920257910591,,,Not found in dump,No supplier rows in product_supplierinfo dump section
10607,10607,6920257910607,,,Not found in dump,No supplier rows in product_supplierinfo dump section
10683,10683,6920257910683,,,Not found in dump,No supplier rows in product_supplierinfo dump section
10922,10922,6979077910922,,,Not found in dump,No supplier rows in product_supplierinfo dump section
10966,10966,6920257910966,,,Not found in dump,No supplier rows in product_supplierinfo dump section
109800,109800,6958376109800,,,Not found in dump,No supplier rows in product_supplierinfo dump section
11013,11013,11011013,,,Not found in dump,No supplier rows in product_supplierinfo dump section
11024,11024,6920257911024,,,Not found in dump,No supplier rows in product_supplierinfo dump section
11031,11031,6920257911031,,,Not found in dump,No supplier rows in product_supplierinfo dump section
11083,11083,3337872411083,,,Not found in dump,No supplier rows in product_supplierinfo dump section
1110,1110,10011101110,,,Not found in dump,No supplier rows in product_supplierinfo dump section
11111,11111,4000111111,,,Not found in dump,No supplier rows in product_supplierinfo dump section
1111111111,محمد,1111111111111111111111,,,Not found in dump,No supplier rows in product_supplierinfo dump section
113360,ربطة جبين عريض 10 موديل 9/3/7,6985765322168,,,Not found in dump,No supplier rows in product_supplierinfo dump section
113371,طقم كلبس مع ربطه 10 موديل 2/3,6920251133712,,,Not found in dump,No supplier rows in product_supplierinfo dump section
113388,طوق بندانه 11 موديل 5/8,6985632932148,,,Not found in dump,No supplier rows in product_supplierinfo dump section
113391,ربطة شتوي 2 حبة كرت عدد 4 اشكال 1/3,6923654822139,,,Not found in dump,No supplier rows in product_supplierinfo dump section
1161,باكت مزيل مناكير,6946051201161,,,Not found in dump,No supplier rows in product_supplierinfo dump section
11672,11672,6942257011672,,,Not found in dump,No supplier rows in product_supplierinfo dump section
1187,حامورة سحري,6972196671187,,,Not found in dump,No supplier rows in product_supplierinfo dump section
1193,هامات رأس بناتي,61193,,,Not found in dump,No supplier rows in product_supplierinfo dump section
1198,1198,6971606511983,,,Not found in dump,No supplier rows in product_supplierinfo dump section
1198A,1198A,6971606210169,,,Not found in dump,No supplier rows in product_supplierinfo dump section
11991,11991,3337872411991,,,Not found in dump,No supplier rows in product_supplierinfo dump section
1200B,1200B,6971606512003,,,Not found in dump,No supplier rows in product_supplierinfo dump section
12121,12121,4000212121,,,Not found in dump,No supplier rows in product_supplierinfo dump section
12121,12121,5000212121,,,Not found in dump,No supplier rows in product_supplierinfo dump section
12130,12130,12130130,,,Not found in dump,No supplier rows in product_supplierinfo dump section
12456987541180,ستن ليكر موديل,3944985096139,,,Not found in dump,No supplier rows in product_supplierinfo dump section
125486255552,125486255552,12548625555211,,,Not found in dump,No supplier rows in product_supplierinfo dump section
12861,12861,9248915212861,,,Not found in dump,No supplier rows in product_supplierinfo dump section
13131,13131,4000313131,,,Not found in dump,No supplier rows in product_supplierinfo dump section
13316,13316,6905624813316,,,Not found in dump,No supplier rows in product_supplierinfo dump section
13352,13352,6973390713352,,,Not found in dump,No supplier rows in product_supplierinfo dump section
138459,تيجان,1344907138459,,,Not found in dump,No supplier rows in product_supplierinfo dump section
138667,مطاط برميل جامبو 5 شكل شد 10د 1/4,6935356575015,,,Not found in dump,No supplier rows in product_supplierinfo dump section
138796,مطاط 12 كرت كيس 10 اشكال 7/6/8,6912345138796,,,Not found in dump,No supplier rows in product_supplierinfo dump section
140140,140140,140140140,,,Not found in dump,No supplier rows in product_supplierinfo dump section
14141,14141,4000414141,,,Not found in dump,No supplier rows in product_supplierinfo dump section
1415,1415,4000196901415,,,Not found in dump,No supplier rows in product_supplierinfo dump section
14958,14958,6912191214958,,,Not found in dump,No supplier rows in product_supplierinfo dump section
1498,9200396114638,9200396114638,,,Not found in dump,No supplier rows in product_supplierinfo dump section
15086,15086,9242092015086,,,Not found in dump,No supplier rows in product_supplierinfo dump section
15151,15151,4000515151,,,Not found in dump,No supplier rows in product_supplierinfo dump section
154237,مساك فراشة حبه كبير 6 حبة صغير كرت 8 شكل,8652369924101,,,Not found in dump,No supplier rows in product_supplierinfo dump section
154392,154392,6930381543923,,,Not found in dump,No supplier rows in product_supplierinfo dump section
154395,154395,6930381543954,,,Not found in dump,No supplier rows in product_supplierinfo dump section
15496,15496,6974482515496,,,Not found in dump,No supplier rows in product_supplierinfo dump section
1585,8652369925085,8652369925085,,,Not found in dump,No supplier rows in product_supplierinfo dump section
1594,6920251542682,6920251542682,,,Not found in dump,No supplier rows in product_supplierinfo dump section
161770,طقم طوق مع كلبس فيونكه 11 موديل 3,6920255311819,,,Not found in dump,No supplier rows in product_supplierinfo dump section
161792,طقم نظارة مع كلبس عدد 8 اشكال 6/1,6935929871018,,,Not found in dump,No supplier rows in product_supplierinfo dump section
161793,طقم نظارة مع سلس عدد 8 اشكال 1,6937501072004,,,Not found in dump,No supplier rows in product_supplierinfo dump section
161841,161841,6902025121231,,,Not found in dump,No supplier rows in product_supplierinfo dump section
161847,161847,6950151618477,,,Not found in dump,No supplier rows in product_supplierinfo dump section
165A,165A,2097281338975,,,Not found in dump,No supplier rows in product_supplierinfo dump section
16809,16809,3337875816809,,,Not found in dump,No supplier rows in product_supplierinfo dump section
16847,16847,3337875816847,,,Not found in dump,No supplier rows in product_supplierinfo dump section
1701,8851932469104,8851932469104,,,Not found in dump,No supplier rows in product_supplierinfo dump section
17026,17026,6920251117026,,,Not found in dump,No supplier rows in product_supplierinfo dump section
1703,5912676276076,5912676276076,,,Not found in dump,No supplier rows in product_supplierinfo dump section
1733,4116621761216,4116621761216,,,Not found in dump,No supplier rows in product_supplierinfo dump section
1735,6977925340419,6977925340419,,,Not found in dump,No supplier rows in product_supplierinfo dump section
1757,1196148130316,1196148130316,,,Not found in dump,No supplier rows in product_supplierinfo dump section
17948,17948,3066109417948,,,Not found in dump,No supplier rows in product_supplierinfo dump section
17994,17994,2025001617994,,,Not found in dump,No supplier rows in product_supplierinfo dump section
18223,18223,6912341618223,,,Not found in dump,No supplier rows in product_supplierinfo dump section
18380,18380,2025001618380,,,Not found in dump,No supplier rows in product_supplierinfo dump section
1872,1872,4800888221872,,,Not found in dump,No supplier rows in product_supplierinfo dump section
191004,191004,769915191004,,,Not found in dump,No supplier rows in product_supplierinfo dump section
201842,201842,3152200201842,,,Not found in dump,No supplier rows in product_supplierinfo dump section
2020,2020,4000202020,,,Not found in dump,No supplier rows in product_supplierinfo dump section
202020,202020,5000202020,,,Not found in dump,No supplier rows in product_supplierinfo dump section
202209,اقلام روج ميس ديم 2309,6913134202209,,,Not found in dump,No supplier rows in product_supplierinfo dump section
20243,باكت رموش طبيعي,6978941520243,,,Not found in dump,No supplier rows in product_supplierinfo dump section
20812,20812,8809700320812,,,Not found in dump,No supplier rows in product_supplierinfo dump section
20841,20841,6907240320841,,,Not found in dump,No supplier rows in product_supplierinfo dump section
20956,20956,6973911220956,,,Not found in dump,No supplier rows in product_supplierinfo dump section
2121,خواتم مع المحبس رزكون,212121,,,Not found in dump,No supplier rows in product_supplierinfo dump section
21212,21212,4000121212,,,Not found in dump,No supplier rows in product_supplierinfo dump section
21590,21590,721590,,,Not found in dump,No supplier rows in product_supplierinfo dump section
221B,221B,6971606202218,,,Not found in dump,No supplier rows in product_supplierinfo dump section
22338,22338,3353728522338,,,Not found in dump,No supplier rows in product_supplierinfo dump section
2244,2244,9005800352244,,,Not found in dump,No supplier rows in product_supplierinfo dump section
22878,اساور رجالي نسائي,8991283322878,,,Not found in dump,No supplier rows in product_supplierinfo dump section
23019,23019,6920138823019,,,Not found in dump,No supplier rows in product_supplierinfo dump section
23026,23026,6920138823026,,,Not found in dump,No supplier rows in product_supplierinfo dump section
233233,233233,111233233,,,Not found in dump,No supplier rows in product_supplierinfo dump section
23454,23454,6932025123454,,,Not found in dump,No supplier rows in product_supplierinfo dump section
24025,24025,6937803924025,,,Not found in dump,No supplier rows in product_supplierinfo dump section
244244,244244,111244244,,,Not found in dump,No supplier rows in product_supplierinfo dump section
24513,24513,3600531324513,,,Not found in dump,No supplier rows in product_supplierinfo dump section
24611,24611,072140024611,,,Not found in dump,No supplier rows in product_supplierinfo dump section
25092,25092,8652369925092,,,Not found in dump,No supplier rows in product_supplierinfo dump section
25146,25146,8652369925146,,,Not found in dump,No supplier rows in product_supplierinfo dump section
2520,2520,6882169872520,,,Not found in dump,No supplier rows in product_supplierinfo dump section
25351,25351,5632467125351,,,Not found in dump,No supplier rows in product_supplierinfo dump section
25560,علب سحاب مربع وسط,150055625560,,,Not found in dump,No supplier rows in product_supplierinfo dump section
25561,علب سحاب مربع كبير,150055625561,,,Not found in dump,No supplier rows in product_supplierinfo dump section
25562,علب سحاب اساور طويل,150055625562,,,Not found in dump,No supplier rows in product_supplierinfo dump section
25563,علب اساور طويل,150055625563,,,Not found in dump,No supplier rows in product_supplierinfo dump section
25564,علب خواتم مربع,150055625564,,,Not found in dump,No supplier rows in product_supplierinfo dump section
25565,علب خواتم قطيفة,150055625565,,,Not found in dump,No supplier rows in product_supplierinfo dump section
25566,علب طقوم وسط,150055625566,,,Not found in dump,No supplier rows in product_supplierinfo dump section
26-2862,26-2862,28622862,,,Not found in dump,No supplier rows in product_supplierinfo dump section
26-5569,26-5569,55695569,,,Not found in dump,No supplier rows in product_supplierinfo dump section
26-AF8808,26-AF8808,88088808,,,Not found in dump,No supplier rows in product_supplierinfo dump section
26-SDR-211,26-SDR-211,SDR211211,,,Not found in dump,No supplier rows in product_supplierinfo dump section
263,263,6933885500263,,,Not found in dump,No supplier rows in product_supplierinfo dump section
26411,26411,6287015126411,,,Not found in dump,No supplier rows in product_supplierinfo dump section
26677,كريم ستافيل,072140026677,,,Not found in dump,No supplier rows in product_supplierinfo dump section
2676,2676,011111022676,,,Not found in dump,No supplier rows in product_supplierinfo dump section
27066,27066,303160227066,,,Not found in dump,No supplier rows in product_supplierinfo dump section
272B,272B,1801025620025,,,Not found in dump,No supplier rows in product_supplierinfo dump section
28568,28568,6925832828568,,,Not found in dump,No supplier rows in product_supplierinfo dump section
28860,28860,6291108528860,,,Not found in dump,No supplier rows in product_supplierinfo dump section
3,cheese burger,735745699119,,,Not found in dump,No supplier rows in product_supplierinfo dump section
3007546,3007546,8904023007546,,,Not found in dump,No supplier rows in product_supplierinfo dump section
30148,30148,8901248230148,,,Not found in dump,No supplier rows in product_supplierinfo dump section
3045,3045,6940791023045,,,Not found in dump,No supplier rows in product_supplierinfo dump section
30706,30706,725272730706,,,Not found in dump,No supplier rows in product_supplierinfo dump section
30782,بوش مجموعة,6939374130782,,,Not found in dump,No supplier rows in product_supplierinfo dump section
309808,309808,7295322309808,,,Not found in dump,No supplier rows in product_supplierinfo dump section
309934,309934,6972907309934,,,Not found in dump,No supplier rows in product_supplierinfo dump section
3113,3113,100113113,,,Not found in dump,No supplier rows in product_supplierinfo dump section
31313,31313,4000131313,,,Not found in dump,No supplier rows in product_supplierinfo dump section
31545,سلوس بناتي دمعة,5456531545,,,Not found in dump,No supplier rows in product_supplierinfo dump section
31569,تيجان بناتي,6905001131569,,,Not found in dump,No supplier rows in product_supplierinfo dump section
31890,31890,6977892731890,,,Not found in dump,No supplier rows in product_supplierinfo dump section
33550,33550,8809640733550,,,Not found in dump,No supplier rows in product_supplierinfo dump section
34020,34020,6957601134020,,,Not found in dump,No supplier rows in product_supplierinfo dump section
34060,34060,769915234060,,,Not found in dump,No supplier rows in product_supplierinfo dump section
34218,34218,6932021134218,,,Not found in dump,No supplier rows in product_supplierinfo dump section
3434,سلوس فايتي كليف,343434,فايتي,,Inferred from item name,No supplier rows in product_supplierinfo dump section
34919,34919,7702018334919,,,Not found in dump,No supplier rows in product_supplierinfo dump section
350590,روج  سائل 330411,6977270350590,,,Not found in dump,No supplier rows in product_supplierinfo dump section
35306,35306,6281056335306,,,Not found in dump,No supplier rows in product_supplierinfo dump section
3709,3709,3401578653709,,,Not found in dump,No supplier rows in product_supplierinfo dump section
37101,37101,6291108737101,,,Not found in dump,No supplier rows in product_supplierinfo dump section
37190,37190,8809640737190,,,Not found in dump,No supplier rows in product_supplierinfo dump section
3737,اساور مسمار,373737,,,Not found in dump,No supplier rows in product_supplierinfo dump section
37897,37897,6291108737897,,,Not found in dump,No supplier rows in product_supplierinfo dump section
3817,3817,PB2501010203817,,,Not found in dump,No supplier rows in product_supplierinfo dump section
38405,38405,6291108738405,,,Not found in dump,No supplier rows in product_supplierinfo dump section
38436,38436,6291108738436,,,Not found in dump,No supplier rows in product_supplierinfo dump section
38573,38573,6291108738573,,,Not found in dump,No supplier rows in product_supplierinfo dump section
38597,38597,6291108738597,,,Not found in dump,No supplier rows in product_supplierinfo dump section
38610,38610,6291108738610,,,Not found in dump,No supplier rows in product_supplierinfo dump section
38849,38849,6291108738849,,,Not found in dump,No supplier rows in product_supplierinfo dump section
38877,38877,138877,,,Not found in dump,No supplier rows in product_supplierinfo dump section
39068,39068,6291108739068,,,Not found in dump,No supplier rows in product_supplierinfo dump section
39523,39523,6922211339523,,,Not found in dump,No supplier rows in product_supplierinfo dump section
39570,39570,8809596939570,,,Not found in dump,No supplier rows in product_supplierinfo dump section
39615,39615,6922211339615,,,Not found in dump,No supplier rows in product_supplierinfo dump section
400101,قطب كرت نيو مارك,6906036400101,,,Not found in dump,No supplier rows in product_supplierinfo dump section
40061,40061,9551001840061,,,Not found in dump,No supplier rows in product_supplierinfo dump section
401184,401184,8310039401184,,,Not found in dump,No supplier rows in product_supplierinfo dump section
40313,40313,010181040313,,,Not found in dump,No supplier rows in product_supplierinfo dump section
40358,اقلام ديموند 9244,6977925340358,,,Not found in dump,No supplier rows in product_supplierinfo dump section
40390,40390,8901248240390,,,Not found in dump,No supplier rows in product_supplierinfo dump section
40400,40400,6971335440400,,,Not found in dump,No supplier rows in product_supplierinfo dump section
40421,40421,3401348840421,,,Not found in dump,No supplier rows in product_supplierinfo dump section
40831,40831,6974479440831,,,Not found in dump,No supplier rows in product_supplierinfo dump section
4091,4091,40914091,,,Not found in dump,No supplier rows in product_supplierinfo dump section
4114,4114,100114114,,,Not found in dump,No supplier rows in product_supplierinfo dump section
4119,اسفنج مائي,4820230804119,,,Not found in dump,No supplier rows in product_supplierinfo dump section
41278,41278,3600530941278,,,Not found in dump,No supplier rows in product_supplierinfo dump section
41414,41414,4000141414,,,Not found in dump,No supplier rows in product_supplierinfo dump section
41414,قطب كرز,5000141414,,,Not found in dump,No supplier rows in product_supplierinfo dump section
41451,41451,6920511341451,,,Not found in dump,No supplier rows in product_supplierinfo dump section
41456,41456,052336341456,,,Not found in dump,No supplier rows in product_supplierinfo dump section
43213,43213,743213,,,Not found in dump,No supplier rows in product_supplierinfo dump section
43558,لمعه جسم فازلين,305210043558,,,Not found in dump,No supplier rows in product_supplierinfo dump section
43788,43788,6920251543788,,,Not found in dump,No supplier rows in product_supplierinfo dump section
43825,43825,6920251543825,,,Not found in dump,No supplier rows in product_supplierinfo dump section
43863,43863,6920251543863,,,Not found in dump,No supplier rows in product_supplierinfo dump section
43930,43930,6930381543930,,,Not found in dump,No supplier rows in product_supplierinfo dump section
44277,44277,0376662844277,,,Not found in dump,No supplier rows in product_supplierinfo dump section
447447,كلبس كرز,447447447,,,Not found in dump,No supplier rows in product_supplierinfo dump section
45617,45617,7509552845617,,,Not found in dump,No supplier rows in product_supplierinfo dump section
46122,46122,6974772946122,,,Not found in dump,No supplier rows in product_supplierinfo dump section
46134,اقلام كحل عريض ابيض+ازرق,6920982846134,,,Not found in dump,No supplier rows in product_supplierinfo dump section
4646,4646,464646,,,Not found in dump,No supplier rows in product_supplierinfo dump section
4653,4653,011111054653,,,Not found in dump,No supplier rows in product_supplierinfo dump section
4705,4705,033200194705,,,Not found in dump,No supplier rows in product_supplierinfo dump section
4747,4747,474747,,,Not found in dump,No supplier rows in product_supplierinfo dump section
47535,47535,6977740247535,,,Not found in dump,No supplier rows in product_supplierinfo dump section
478021,478021,8901248478021,,,Not found in dump,No supplier rows in product_supplierinfo dump section
4848,4848,484848,,,Not found in dump,No supplier rows in product_supplierinfo dump section
48538,48538,6903645548538,,,Not found in dump,No supplier rows in product_supplierinfo dump section
49280,49280,4928049280,,,Not found in dump,No supplier rows in product_supplierinfo dump section
4949,4949,494949,,,Not found in dump,No supplier rows in product_supplierinfo dump section
500081,500081,6294007500081,,,Not found in dump,No supplier rows in product_supplierinfo dump section
500142,500142,6294007500142,,,Not found in dump,No supplier rows in product_supplierinfo dump section
5009695,5009695,9853415009695,,,Not found in dump,No supplier rows in product_supplierinfo dump section
501316,501316,6294007501316,,,Not found in dump,No supplier rows in product_supplierinfo dump section
501323,501323,6294007501323,,,Not found in dump,No supplier rows in product_supplierinfo dump section
501330,501330,6294007501330,,,Not found in dump,No supplier rows in product_supplierinfo dump section
501446,501446,6294007501446,,,Not found in dump,No supplier rows in product_supplierinfo dump section
501989,501989,6294007501989,,,Not found in dump,No supplier rows in product_supplierinfo dump section
502689,502689,6294007502689,,,Not found in dump,No supplier rows in product_supplierinfo dump section
503211,503211,6294007503211,,,Not found in dump,No supplier rows in product_supplierinfo dump section
504218,504218,6294007504218,,,Not found in dump,No supplier rows in product_supplierinfo dump section
5044,5044,50445044,,,Not found in dump,No supplier rows in product_supplierinfo dump section
5050,5050,505050,,,Not found in dump,No supplier rows in product_supplierinfo dump section
505215,505215,6294007505215,,,Not found in dump,No supplier rows in product_supplierinfo dump section
505413,505413,6294007505413,,,Not found in dump,No supplier rows in product_supplierinfo dump section
505512,505512,6294007505512,,,Not found in dump,No supplier rows in product_supplierinfo dump section
505710,505710,6294007505710,,,Not found in dump,No supplier rows in product_supplierinfo dump section
5058,5058,50585058,,,Not found in dump,No supplier rows in product_supplierinfo dump section
51062,51062,000006251062,,,Not found in dump,No supplier rows in product_supplierinfo dump section
51147,51147,8901248451147,,,Not found in dump,No supplier rows in product_supplierinfo dump section
5115,5115,100115115,,,Not found in dump,No supplier rows in product_supplierinfo dump section
51222,51222,8901248451222,,,Not found in dump,No supplier rows in product_supplierinfo dump section
51260,51260,8901248451260,,,Not found in dump,No supplier rows in product_supplierinfo dump section
51392,51392,6946038651392,,,Not found in dump,No supplier rows in product_supplierinfo dump section
51415,51415,6946038651415,,,Not found in dump,No supplier rows in product_supplierinfo dump section
5151,5151,515151,,,Not found in dump,No supplier rows in product_supplierinfo dump section
51515,51515,4000151515,,,Not found in dump,No supplier rows in product_supplierinfo dump section
51515,51515,5000151515,,,Not found in dump,No supplier rows in product_supplierinfo dump section
51574,51574,8901248451574,,,Not found in dump,No supplier rows in product_supplierinfo dump section
51611,51611,8901248451611,,,Not found in dump,No supplier rows in product_supplierinfo dump section
51712,51712,1929650451712,,,Not found in dump,No supplier rows in product_supplierinfo dump section
5252,5252,525252,,,Not found in dump,No supplier rows in product_supplierinfo dump section
52664,اساور فرفشة,5252664,,,Not found in dump,No supplier rows in product_supplierinfo dump section
52665,اساور فرفشة منوعين,5252665,,,Not found in dump,No supplier rows in product_supplierinfo dump section
53191,قطب طقم حلق مدور ملون,5319153191,,,Not found in dump,No supplier rows in product_supplierinfo dump section
5353,5353,535353,,,Not found in dump,No supplier rows in product_supplierinfo dump section
54094,54094,3760237854094,,,Not found in dump,No supplier rows in product_supplierinfo dump section
54168,مصحح حواجب نوت+ برافو ليدي,6994626854168,,,Not found in dump,No supplier rows in product_supplierinfo dump section
5454,5454,545454,,,Not found in dump,No supplier rows in product_supplierinfo dump section
55045,55045,50455045,,,Not found in dump,No supplier rows in product_supplierinfo dump section
552869,552869,5528699123923,,,Not found in dump,No supplier rows in product_supplierinfo dump section
55421,55421,5000655421,,,Not found in dump,No supplier rows in product_supplierinfo dump section
5555,5555,555555,,,Not found in dump,No supplier rows in product_supplierinfo dump section
5568,5568,55685568,,,Not found in dump,No supplier rows in product_supplierinfo dump section
55794,طقم سلوس فراشة,5579455794,,,Not found in dump,No supplier rows in product_supplierinfo dump section
5581,طقم بناتي قلب,55815581,,,Not found in dump,No supplier rows in product_supplierinfo dump section
56109,56109,0506699456109,,,Not found in dump,No supplier rows in product_supplierinfo dump section
56210,56210,1617951256210,,,Not found in dump,No supplier rows in product_supplierinfo dump section
56213,56213,1617941256213,,,Not found in dump,No supplier rows in product_supplierinfo dump section
5656,5656,565656,,,Not found in dump,No supplier rows in product_supplierinfo dump section
56649,56649,6985948556649,,,Not found in dump,No supplier rows in product_supplierinfo dump section
56787,56787,897865456456787,,,Not found in dump,No supplier rows in product_supplierinfo dump section
57370,57370,4342939057370,,,Not found in dump,No supplier rows in product_supplierinfo dump section
57374,57374,8901248257374,,,Not found in dump,No supplier rows in product_supplierinfo dump section
5757,5757,575757,,,Not found in dump,No supplier rows in product_supplierinfo dump section
5762,اساور فان كليف,57625762,,,Not found in dump,No supplier rows in product_supplierinfo dump section
5786,5786,57865786,,,Not found in dump,No supplier rows in product_supplierinfo dump section
5801,5801,58015801,,,Not found in dump,No supplier rows in product_supplierinfo dump section
58174,58174,9112912458174,,,Not found in dump,No supplier rows in product_supplierinfo dump section
58439,58439,8992803658439,,,Not found in dump,No supplier rows in product_supplierinfo dump section
5858,5858,585858,,,Not found in dump,No supplier rows in product_supplierinfo dump section
5897,5897,8888086785897,,,Not found in dump,No supplier rows in product_supplierinfo dump section
5959,5959,595959,,,Not found in dump,No supplier rows in product_supplierinfo dump section
59684,59684,6291107459684,,,Not found in dump,No supplier rows in product_supplierinfo dump section
603132,603132,6926633603132,,,Not found in dump,No supplier rows in product_supplierinfo dump section
6060,6060,606060,,,Not found in dump,No supplier rows in product_supplierinfo dump section
6116,6116,100116116,,,Not found in dump,No supplier rows in product_supplierinfo dump section
61172,61172,8809576261172,,,Not found in dump,No supplier rows in product_supplierinfo dump section
6145,سلوس بناتي كرزه,45248796145,,,Not found in dump,No supplier rows in product_supplierinfo dump section
6151,6151,3499775636151,,,Not found in dump,No supplier rows in product_supplierinfo dump section
61616,61616,4000161616,,,Not found in dump,No supplier rows in product_supplierinfo dump section
61616,61616,5000161616,,,Not found in dump,No supplier rows in product_supplierinfo dump section
61839,61839,6920250161839,,,Not found in dump,No supplier rows in product_supplierinfo dump section
6265,6265,243A16265,,,Not found in dump,No supplier rows in product_supplierinfo dump section
62662,ابيام فيونكة مع المراطق,662662662,,,Not found in dump,No supplier rows in product_supplierinfo dump section
62898,62898,156486456162898,,,Not found in dump,No supplier rows in product_supplierinfo dump section
63122,فرشم مكياج بيوتي,6952474163122,بيوتي,,Inferred from item name,No supplier rows in product_supplierinfo dump section
63531,كلبس كرز  2,000000063531,,,Not found in dump,No supplier rows in product_supplierinfo dump section
6377,6377,100106377,,,Not found in dump,No supplier rows in product_supplierinfo dump section
6386,6386,100106386,,,Not found in dump,No supplier rows in product_supplierinfo dump section
6400,6400,100106400,,,Not found in dump,No supplier rows in product_supplierinfo dump section
6432,6432,100106432,,,Not found in dump,No supplier rows in product_supplierinfo dump section
6437,6437,100106437,,,Not found in dump,No supplier rows in product_supplierinfo dump section
6477,6477,8809875456477,,,Not found in dump,No supplier rows in product_supplierinfo dump section
67,سلس,2225638789310,,,Not found in dump,No supplier rows in product_supplierinfo dump section
67122,67122,6281006567122,,,Not found in dump,No supplier rows in product_supplierinfo dump section
67217,67217,6291106067217,,,Not found in dump,No supplier rows in product_supplierinfo dump section
67224,67224,6291106067224,,,Not found in dump,No supplier rows in product_supplierinfo dump section
6767,باكت مسكرة رومنتك جديد,6971204786110,رومنتك,,Inferred from item name,No supplier rows in product_supplierinfo dump section
68160,68160,6972943768160,,,Not found in dump,No supplier rows in product_supplierinfo dump section
6831,مورد يارا,6957834806831,,,Not found in dump,No supplier rows in product_supplierinfo dump section
6868,باكت مسكرة سفن دي الأصلي,6971204785984,سفن دي,,Inferred from item name,No supplier rows in product_supplierinfo dump section
690442578301,690442578301,6904425783019,,,Not found in dump,No supplier rows in product_supplierinfo dump section
694605123971,694605123971,6946051239713,,,Not found in dump,No supplier rows in product_supplierinfo dump section
70009,70009,8809416470009,,,Not found in dump,No supplier rows in product_supplierinfo dump section
70016,70016,8809416470016,,,Not found in dump,No supplier rows in product_supplierinfo dump section
7079,7079,9944185070797,,,Not found in dump,No supplier rows in product_supplierinfo dump section
708,سلوس 1,8459425957314,,,Not found in dump,No supplier rows in product_supplierinfo dump section
7117,7117,100117117,,,Not found in dump,No supplier rows in product_supplierinfo dump section
71425,71425,6912316171425,,,Not found in dump,No supplier rows in product_supplierinfo dump section
71717,71717,4000171717,,,Not found in dump,No supplier rows in product_supplierinfo dump section
71717,71717,5000171717,,,Not found in dump,No supplier rows in product_supplierinfo dump section
72,وهمي,1705217677777,,,Not found in dump,No supplier rows in product_supplierinfo dump section
7210,7210,3337875597210,,,Not found in dump,No supplier rows in product_supplierinfo dump section
721496,721496,8410664651975,,,Not found in dump,No supplier rows in product_supplierinfo dump section
721497,721497,1277080562172,,,Not found in dump,No supplier rows in product_supplierinfo dump section
721501,721501,3970357621500,,,Not found in dump,No supplier rows in product_supplierinfo dump section
721502,721502,5256367739854,,,Not found in dump,No supplier rows in product_supplierinfo dump section
721587,721587,721587-3,,,Not found in dump,No supplier rows in product_supplierinfo dump section
721588,721588,721588-2,,,Not found in dump,No supplier rows in product_supplierinfo dump section
721589,721589,721589-2,,,Not found in dump,No supplier rows in product_supplierinfo dump section
721592,721592,3783284477894,,,Not found in dump,No supplier rows in product_supplierinfo dump section
740404,740404,0863765019720,,,Not found in dump,No supplier rows in product_supplierinfo dump section
741442,741442,9808036205380,,,Not found in dump,No supplier rows in product_supplierinfo dump section
741489,741489,9975507493062,,,Not found in dump,No supplier rows in product_supplierinfo dump section
741501,741501,7529067516208,,,Not found in dump,No supplier rows in product_supplierinfo dump section
741975,741975,5726738519106,,,Not found in dump,No supplier rows in product_supplierinfo dump section
741983,741983,7560980367263,,,Not found in dump,No supplier rows in product_supplierinfo dump section
742024,742024,4795293571059,,,Not found in dump,No supplier rows in product_supplierinfo dump section
742028,742028,1265128591369,,,Not found in dump,No supplier rows in product_supplierinfo dump section
742226,742226,9055740299062,,,Not found in dump,No supplier rows in product_supplierinfo dump section
742579,742579,7923884103502,,,Not found in dump,No supplier rows in product_supplierinfo dump section
742786,742786,3035411949676,,,Not found in dump,No supplier rows in product_supplierinfo dump section
742851,742851,3497910689208,,,Not found in dump,No supplier rows in product_supplierinfo dump section
742896,742896,6072988649711,,,Not found in dump,No supplier rows in product_supplierinfo dump section
742904,742904,7997910438715,,,Not found in dump,No supplier rows in product_supplierinfo dump section
742954,742954,6497698312876,,,Not found in dump,No supplier rows in product_supplierinfo dump section
743066,743066,3591919882360,,,Not found in dump,No supplier rows in product_supplierinfo dump section
743070,743070,4853792486035,,,Not found in dump,No supplier rows in product_supplierinfo dump section
743489,743489,6725487120396,,,Not found in dump,No supplier rows in product_supplierinfo dump section
743565,743565,743565-2,,,Not found in dump,No supplier rows in product_supplierinfo dump section
743600,743600,743600-2,,,Not found in dump,No supplier rows in product_supplierinfo dump section
743606,743606,7176209262822,,,Not found in dump,No supplier rows in product_supplierinfo dump section
743622,743622,9160060587857,,,Not found in dump,No supplier rows in product_supplierinfo dump section
744107,744107,7279031986079,,,Not found in dump,No supplier rows in product_supplierinfo dump section
750710,750710,3149990212653,,,Not found in dump,No supplier rows in product_supplierinfo dump section
750711,750711,8374528204878,,,Not found in dump,No supplier rows in product_supplierinfo dump section
750712,750712,1157508895719,,,Not found in dump,No supplier rows in product_supplierinfo dump section
750713,750713,9934886693616,,,Not found in dump,No supplier rows in product_supplierinfo dump section
750714,750714,7543289076746,,,Not found in dump,No supplier rows in product_supplierinfo dump section
77092,77092,3401399277092,,,Not found in dump,No supplier rows in product_supplierinfo dump section
77454,اقلام كحل اسود طلعة,8948490577454,,,Not found in dump,No supplier rows in product_supplierinfo dump section
78236,78236,8901248478236,,,Not found in dump,No supplier rows in product_supplierinfo dump section
78252,78252,6935356578252,,,Not found in dump,No supplier rows in product_supplierinfo dump section
78813,78813,6912316178813,,,Not found in dump,No supplier rows in product_supplierinfo dump section
790778,790778,6901790778022,,,Not found in dump,No supplier rows in product_supplierinfo dump section
790794,790794,5671382752044,,,Not found in dump,No supplier rows in product_supplierinfo dump section
790800,790800,9371005778074,,,Not found in dump,No supplier rows in product_supplierinfo dump section
791052,791052,6920257910522,,,Not found in dump,No supplier rows in product_supplierinfo dump section
791067,791067,6920257910676,,,Not found in dump,No supplier rows in product_supplierinfo dump section
791097,791097,6920257910973,,,Not found in dump,No supplier rows in product_supplierinfo dump section
80088,80088,7160934480088,,,Not found in dump,No supplier rows in product_supplierinfo dump section
809129,809129,6930274809129,,,Not found in dump,No supplier rows in product_supplierinfo dump section
8118,8118,100118118,,,Not found in dump,No supplier rows in product_supplierinfo dump section
81818,81818,4000181818,,,Not found in dump,No supplier rows in product_supplierinfo dump section
81818,81818,5000181818,,,Not found in dump,No supplier rows in product_supplierinfo dump section
81947,81947,8999999581947,,,Not found in dump,No supplier rows in product_supplierinfo dump section
82518,82518,6935356582518,,,Not found in dump,No supplier rows in product_supplierinfo dump section
83232,83232,6971204783232,,,Not found in dump,No supplier rows in product_supplierinfo dump section
83919,83919,6925213883919,,,Not found in dump,No supplier rows in product_supplierinfo dump section
8407,8407,8809426813865,,,Not found in dump,No supplier rows in product_supplierinfo dump section
84072,84072,6041216184072,,,Not found in dump,No supplier rows in product_supplierinfo dump section
84128,مصحح حواجب أبو جهة,6933495884128,,,Not found in dump,No supplier rows in product_supplierinfo dump section
84535,84535,772618084535,,,Not found in dump,No supplier rows in product_supplierinfo dump section
84810,84810,6970873984810,,,Not found in dump,No supplier rows in product_supplierinfo dump section
850038,850038,6972497850038,,,Not found in dump,No supplier rows in product_supplierinfo dump section
85476,85476,6922965185476,,,Not found in dump,No supplier rows in product_supplierinfo dump section
8555,8555,5558888555,,,Not found in dump,No supplier rows in product_supplierinfo dump section
86886,سلوس بناتي,886886886,,,Not found in dump,No supplier rows in product_supplierinfo dump section
87230,87230,7702018587230,,,Not found in dump,No supplier rows in product_supplierinfo dump section
87307,87307,5060518887307,,,Not found in dump,No supplier rows in product_supplierinfo dump section
87621,87621,6912191387621,,,Not found in dump,No supplier rows in product_supplierinfo dump section
88015,88015,6925261388015,,,Not found in dump,No supplier rows in product_supplierinfo dump section
88128,88128,6900001388128,,,Not found in dump,No supplier rows in product_supplierinfo dump section
88289,88289,6900001388289,,,Not found in dump,No supplier rows in product_supplierinfo dump section
88422,88422,6912311388422,,,Not found in dump,No supplier rows in product_supplierinfo dump section
90311,90311,769915190311,,,Not found in dump,No supplier rows in product_supplierinfo dump section
90356,90356,6971260890356,,,Not found in dump,No supplier rows in product_supplierinfo dump section
90670,90670,769915190670,,,Not found in dump,No supplier rows in product_supplierinfo dump section
90715,90715,6922965190715,,,Not found in dump,No supplier rows in product_supplierinfo dump section
90784,90784,6922965190784,,,Not found in dump,No supplier rows in product_supplierinfo dump section
91000,91000,6970975191000,,,Not found in dump,No supplier rows in product_supplierinfo dump section
9119,9119,100119119,,,Not found in dump,No supplier rows in product_supplierinfo dump section
91230,91230,033200191230,,,Not found in dump,No supplier rows in product_supplierinfo dump section
91877,روج سائل 2113,3194500091877,,,Not found in dump,No supplier rows in product_supplierinfo dump section
91919,91919,4000191919,,,Not found in dump,No supplier rows in product_supplierinfo dump section
9281,9281,8999777009281,,,Not found in dump,No supplier rows in product_supplierinfo dump section
93583,93583,4550516493583,,,Not found in dump,No supplier rows in product_supplierinfo dump section
93831,93831,8809305993831,,,Not found in dump,No supplier rows in product_supplierinfo dump section
94026,94026,3600523494026,,,Not found in dump,No supplier rows in product_supplierinfo dump section
94138,94138,9767013694138,,,Not found in dump,No supplier rows in product_supplierinfo dump section
950777999799,950777999799,9507779997992,,,Not found in dump,No supplier rows in product_supplierinfo dump section
95214,95214,040232095214,,,Not found in dump,No supplier rows in product_supplierinfo dump section
95776,95776,3506822095776,,,Not found in dump,No supplier rows in product_supplierinfo dump section
96161,96161,6922446096161,,,Not found in dump,No supplier rows in product_supplierinfo dump section
96565,جلوس جف جيرل 2093,03097187,,,Not found in dump,No supplier rows in product_supplierinfo dump section
97180,97180,3337875597180,,,Not found in dump,No supplier rows in product_supplierinfo dump section
97388,كريم سرافي 454ملي,3337875597388,,,Not found in dump,No supplier rows in product_supplierinfo dump section
9801,9801,6920250649801,,,Not found in dump,No supplier rows in product_supplierinfo dump section
9997991,9997991,9507779997991,,,Not found in dump,No supplier rows in product_supplierinfo dump section
AS-3215,AS-3215,32153215,,,Not found in dump,No supplier rows in product_supplierinfo dump section
AS-4520-2,AS-4520-2,4520245202,,,Not found in dump,No supplier rows in product_supplierinfo dump section
AS-4932,AS-4932,49324932,,,Not found in dump,No supplier rows in product_supplierinfo dump section
AS-5046,AS-5046,50465046,,,Not found in dump,No supplier rows in product_supplierinfo dump section
AS-513513,AS-513513,513513513,,,Not found in dump,No supplier rows in product_supplierinfo dump section
AS-5348,AS-5348,53485348,,,Not found in dump,No supplier rows in product_supplierinfo dump section
AS-5349,AS-5349,125125125,,,Not found in dump,No supplier rows in product_supplierinfo dump section
AS-552552,كواسر كبير,552552552,,,Not found in dump,No supplier rows in product_supplierinfo dump section
AS-554554,ابيام فراشات,554554554,,,Not found in dump,No supplier rows in product_supplierinfo dump section
AS-5654,AS-5654,56545654,,,Not found in dump,No supplier rows in product_supplierinfo dump section
B22939,B22939,B293998,,,Not found in dump,No supplier rows in product_supplierinfo dump section
B292217,B292217,B292217,,,Not found in dump,No supplier rows in product_supplierinfo dump section
B2935,B2935,B293561,,,Not found in dump,No supplier rows in product_supplierinfo dump section
B293583,B293583,B293583,,,Not found in dump,No supplier rows in product_supplierinfo dump section
B293602,B293602,B293602,,,Not found in dump,No supplier rows in product_supplierinfo dump section
B29364,B29364,B293641,,,Not found in dump,No supplier rows in product_supplierinfo dump section
B293653,B293653,B293653,,,Not found in dump,No supplier rows in product_supplierinfo dump section
B2937,B2937,B293719,,,Not found in dump,No supplier rows in product_supplierinfo dump section
B29371,B29371,B293717,,,Not found in dump,No supplier rows in product_supplierinfo dump section
B2939,B2939,B293996,,,Not found in dump,No supplier rows in product_supplierinfo dump section
B29390,B29390,B293907,,,Not found in dump,No supplier rows in product_supplierinfo dump section
B29398,B29398,B293985,,,Not found in dump,No supplier rows in product_supplierinfo dump section
BHS546,سلس مع الحلق,5934782049191,,,Not found in dump,No supplier rows in product_supplierinfo dump section
COMM,Communication,,,,Not found in dump,No supplier rows in product_supplierinfo dump section
EXP_GEN,Expenses,,,,Not found in dump,No supplier rows in product_supplierinfo dump section
FOOD,Meals,,,,Not found in dump,No supplier rows in product_supplierinfo dump section
GIFT,Gifts,,,,Not found in dump,No supplier rows in product_supplierinfo dump section
MIL,Mileage,,,,Not found in dump,No supplier rows in product_supplierinfo dump section
PH-272,PH-272,6971606202720,,,Not found in dump,No supplier rows in product_supplierinfo dump section
S160005,S160005,ٍ160005,,,Not found in dump,No supplier rows in product_supplierinfo dump section
S160008,S160008,ٍ160008,,,Not found in dump,No supplier rows in product_supplierinfo dump section
S160016,S160016,ٍ160016,,,Not found in dump,No supplier rows in product_supplierinfo dump section
S210301,اسبورات نسائيه م36-41 (شد 24),6900212103015,,,Not found in dump,No supplier rows in product_supplierinfo dump section
S210305,اسبورات نسائيه م36-41ش24,6900212103053,,,Not found in dump,No supplier rows in product_supplierinfo dump section
S210307,اسبوات نسائيه م36-41ش24,6900212103077,,,Not found in dump,No supplier rows in product_supplierinfo dump section
S210313,سبورات نسائيه م36-41ش24,6900212103138,,,Not found in dump,No supplier rows in product_supplierinfo dump section
S210315,اسبورات نسائي م 36-41ش24,6900212103152,,,Not found in dump,No supplier rows in product_supplierinfo dump section
SQ9235,ميداليات دبدوب,6688892350003,,,Not found in dump,No supplier rows in product_supplierinfo dump section
TIPS,Tips,,,,Not found in dump,No supplier rows in product_supplierinfo dump section
TRANS & ACC,Travel & Accommodation,,,,Not found in dump,No supplier rows in product_supplierinfo dump section
145145,قطب مطلي رملي,145145145,,,Not found in dump,No supplier rows in product_supplierinfo dump section
5286415,تيجان كرستال,52864154,,,Not found in dump,No supplier rows in product_supplierinfo dump section
5286416,تيجان كرستال عرائسي,52864164,,,Not found in dump,No supplier rows in product_supplierinfo dump section
6161,كفوف مطلي,616161,,,Not found in dump,No supplier rows in product_supplierinfo dump section
6969,طقوم مطلي فرفشة,696969,,,Not found in dump,No supplier rows in product_supplierinfo dump section
7070,كماشات كرستال,707070,,,Not found in dump,No supplier rows in product_supplierinfo dump section
AS-221221,تيجان متحرك زركون,221221221,,,Not found in dump,No supplier rows in product_supplierinfo dump section
12288,اظافر كلاسك كلر 5637,8955155122881,كلاسك,,Inferred from item name,No supplier rows in product_supplierinfo dump section
24576,اظافر كلاسك كلر 576,8955155245764,كلاسك,,Inferred from item name,No supplier rows in product_supplierinfo dump section
250917,اظافر صناعي بيوتي 5717,6973926409179,بيوتي,,Inferred from item name,No supplier rows in product_supplierinfo dump section
41612,اظافر صناعي 5613,6907725041612,,,Not found in dump,No supplier rows in product_supplierinfo dump section
5640,اظافر صناعي علبة سداسي,56405640,,,Not found in dump,No supplier rows in product_supplierinfo dump section
6096,اظافر شجلام,6904587606096,شجلام,,Inferred from item name,No supplier rows in product_supplierinfo dump section
75255,غراء اظافر,6997524675255,,,Not found in dump,No supplier rows in product_supplierinfo dump section
575742,امصار شعر,5757525,,,Not found in dump,No supplier rows in product_supplierinfo dump section
155155,حبال مائي,11155155,,,Not found in dump,No supplier rows in product_supplierinfo dump section
5245,حبال مائي الأصلي,2145215245,,,Not found in dump,No supplier rows in product_supplierinfo dump section
2020,خواتم استيل فص ملون,202020,,,Not found in dump,No supplier rows in product_supplierinfo dump section
10554,خواتم زركون اصلي2,110110445,,,Not found in dump,No supplier rows in product_supplierinfo dump section
1342,خواتم زركون اصلي1,1101110446,,,Not found in dump,No supplier rows in product_supplierinfo dump section
1919,خواتم زركون منوع,191919,,,Not found in dump,No supplier rows in product_supplierinfo dump section
2222,خواتم أبو فص زركون,222222,,,Not found in dump,No supplier rows in product_supplierinfo dump section
255255,خواتم بناتي مطلي,255255255,,,Not found in dump,No supplier rows in product_supplierinfo dump section
28228,سلوس استيل كرت قصير,228228228,,,Not found in dump,No supplier rows in product_supplierinfo dump section
3131,سلوس استيل 2 خط,313131,,,Not found in dump,No supplier rows in product_supplierinfo dump section
3232,سلوس استيل منوع,323232,,,Not found in dump,No supplier rows in product_supplierinfo dump section
3333,سلوس استيل جنيهات,333333,,,Not found in dump,No supplier rows in product_supplierinfo dump section
3535,سلوس استيل مربع + منوع,353535,,,Not found in dump,No supplier rows in product_supplierinfo dump section
4141,سلوس استيل 3 خط,414141,,,Not found in dump,No supplier rows in product_supplierinfo dump section
4242,سلوس استيل مع القطب شانل,424242,شانل,,Inferred from item name,No supplier rows in product_supplierinfo dump section
130130,سلوس زركون ريديوم,130130130,,,Not found in dump,No supplier rows in product_supplierinfo dump section
B292976,شنط اطفال,B292976,,,Not found in dump,No supplier rows in product_supplierinfo dump section
B293012,شنط اطفال,B293012,,,Not found in dump,No supplier rows in product_supplierinfo dump section
B293018,شنط اطفال,B293018,,,Not found in dump,No supplier rows in product_supplierinfo dump section
B293028,شنط اطفال,B293028,,,Not found in dump,No supplier rows in product_supplierinfo dump section
B293084,شنط اطفال,B293084,,,Not found in dump,No supplier rows in product_supplierinfo dump section
B293098,شنط اطفال,B293098,,,Not found in dump,No supplier rows in product_supplierinfo dump section
B292960,شنط بناتي شد 60 حبة,B292960,,,Not found in dump,No supplier rows in product_supplierinfo dump section
B292962,شنط بناتي شد 60,B292962,,,Not found in dump,No supplier rows in product_supplierinfo dump section
B292968,شنط بناتي شد 60 حبه,B292968,,,Not found in dump,No supplier rows in product_supplierinfo dump section
B292970,شنط بناتي شد 60 حبة,B292970,,,Not found in dump,No supplier rows in product_supplierinfo dump section
B292971,شنط بناتي شد 60 حبه,B292971,,,Not found in dump,No supplier rows in product_supplierinfo dump section
B292981,شنط بناتي شد 60 حبة,B292981,,,Not found in dump,No supplier rows in product_supplierinfo dump section
B292986,شنط بناتي شد 60 حبة,B292986,,,Not found in dump,No supplier rows in product_supplierinfo dump section
B292991,شنط بناتي شد 60 حبة,B292991,,,Not found in dump,No supplier rows in product_supplierinfo dump section
B293001,شنط بناتي شد 60,B293001,,,Not found in dump,No supplier rows in product_supplierinfo dump section
B293016,شنط بناتي شد 60 حبة,B293016,,,Not found in dump,No supplier rows in product_supplierinfo dump section
B293017,شنط بناتي شد 60 حبه,B293017,,,Not found in dump,No supplier rows in product_supplierinfo dump section
B293020,شنط بناتي شد 60 حبة,B293020,,,Not found in dump,No supplier rows in product_supplierinfo dump section
B293025,شنط بناتي شد 60 حبة,B293025,,,Not found in dump,No supplier rows in product_supplierinfo dump section
B293035,شنط بناتي شد 60 حبة,B293035,,,Not found in dump,No supplier rows in product_supplierinfo dump section
B293038,شنط بناتي شد 60 حبة,B293038,,,Not found in dump,No supplier rows in product_supplierinfo dump section
B293040,شنط بناتي شد 60 حبه,B293040,,,Not found in dump,No supplier rows in product_supplierinfo dump section
B293044,شنط بناتي شد 60 حبه,B293044,,,Not found in dump,No supplier rows in product_supplierinfo dump section
B293048,شنط بناتي شد 60 حبة,B293048,,,Not found in dump,No supplier rows in product_supplierinfo dump section
B293054,شنط بناتي شد 60 حبة,B293054,,,Not found in dump,No supplier rows in product_supplierinfo dump section
B293058,شنط بناتي شد 60 حبة,B293058,,,Not found in dump,No supplier rows in product_supplierinfo dump section
B293061,شنط بناتي شد 60 حبة,B293061,,,Not found in dump,No supplier rows in product_supplierinfo dump section
B293063,شنط بناتي شد 60,B293063,,,Not found in dump,No supplier rows in product_supplierinfo dump section
B293064,شنط بناتي شد 60,B293064,,,Not found in dump,No supplier rows in product_supplierinfo dump section
B293074,شنط بناتي شد 60,B293074,,,Not found in dump,No supplier rows in product_supplierinfo dump section
B293101,شنط بناتي شد 60 حبه,B293101,,,Not found in dump,No supplier rows in product_supplierinfo dump section
12335,شنط طقم ادوات اظافر,5000112335,,,Not found in dump,No supplier rows in product_supplierinfo dump section
B292667,شنطة نسائية شد 36,B292667,,,Not found in dump,No supplier rows in product_supplierinfo dump section
B292743,شنطة نسائية شد 24,B292743,,,Not found in dump,No supplier rows in product_supplierinfo dump section
B292928,شنط نسائي,B292928,,,Not found in dump,No supplier rows in product_supplierinfo dump section
B293397,شنط نسائي,B293397,,,Not found in dump,No supplier rows in product_supplierinfo dump section
B293499,شنط نسائي,B293499,,,Not found in dump,No supplier rows in product_supplierinfo dump section
B2935,شنطة نسائي,B293591,,,Not found in dump,No supplier rows in product_supplierinfo dump section
B293563,شنط نسائي,B293563,,,Not found in dump,No supplier rows in product_supplierinfo dump section
B293595,شنط نسائي,B293595,,,Not found in dump,No supplier rows in product_supplierinfo dump section
B2936,شنط نسائي,B293652,,,Not found in dump,No supplier rows in product_supplierinfo dump section
B293600,شنط نسائي,B293600,,,Not found in dump,No supplier rows in product_supplierinfo dump section
B293610,شنطة يد نسائي,B293610,,,Not found in dump,No supplier rows in product_supplierinfo dump section
B29362,شنط نسائي,B293621,,,Not found in dump,No supplier rows in product_supplierinfo dump section
B293621,شنط نسائي,1101201921565,,,Not found in dump,No supplier rows in product_supplierinfo dump section
B293640,شنط نسائي,B293640,,,Not found in dump,No supplier rows in product_supplierinfo dump section
B293658,شنطة يد نسائي,B293658,,,Not found in dump,No supplier rows in product_supplierinfo dump section
B293663,شنط نسائي,B293663,,,Not found in dump,No supplier rows in product_supplierinfo dump section
B29371790,شنطة  نسائي,6921530096278,,,Not found in dump,No supplier rows in product_supplierinfo dump section
B298080,شنطة نسائية,B298080,,,Not found in dump,No supplier rows in product_supplierinfo dump section
737,شنط يد نسائي,3867146993538,,,Not found in dump,No supplier rows in product_supplierinfo dump section
B293357,شنط يد نسائي,B293357,,,Not found in dump,No supplier rows in product_supplierinfo dump section
B293477,شنط يد نسائي,B293477,,,Not found in dump,No supplier rows in product_supplierinfo dump section
B2939,شنط يد نسائي,B293908,,,Not found in dump,No supplier rows in product_supplierinfo dump section
B2939,شنط يد نسائي,B293919,,,Not found in dump,No supplier rows in product_supplierinfo dump section
B2939,شنط يد نسائي,B293954,,,Not found in dump,No supplier rows in product_supplierinfo dump section
B2939,شنط يد نسائي,B293969,,,Not found in dump,No supplier rows in product_supplierinfo dump section
B2939,شنط يد نسائي,B293975,,,Not found in dump,No supplier rows in product_supplierinfo dump section
B2939,شنط يد نسائي,B293984,,,Not found in dump,No supplier rows in product_supplierinfo dump section
B293913,شنط يد نسائي,B293913,,,Not found in dump,No supplier rows in product_supplierinfo dump section
B293938,شنط يد نسائي,B293938,,,Not found in dump,No supplier rows in product_supplierinfo dump section
B29394,شنط يد نسائي,B293946,,,Not found in dump,No supplier rows in product_supplierinfo dump section
B293983,شنط يد نسائي,B293983,,,Not found in dump,No supplier rows in product_supplierinfo dump section
B29399,شنط يد نسائي,B293995,,,Not found in dump,No supplier rows in product_supplierinfo dump section
B293990,شنط يد نسائي,B293990,,,Not found in dump,No supplier rows in product_supplierinfo dump section
B298160,شنط يد نسائي,B298160,,,Not found in dump,No supplier rows in product_supplierinfo dump section
S110825,صندل نسائي مقاس 36-41 (شد 24),S110825,,,Not found in dump,No supplier rows in product_supplierinfo dump section
S110828,صندل نسائي مقاس 36-41 (شد 24),S110828,,,Not found in dump,No supplier rows in product_supplierinfo dump section
S160011,صندل نسائي م36-41 (شد 24),S160011,,,Not found in dump,No supplier rows in product_supplierinfo dump section
S160014,صندل نسائي م36-41ش24,ٍ160014,,,Not found in dump,No supplier rows in product_supplierinfo dump section
S160018,صندل نسائي م36-41ش24,ٍ160018,,,Not found in dump,No supplier rows in product_supplierinfo dump section
S160019,صندل نسائي م36-41 (شد 24),S160019,,,Not found in dump,No supplier rows in product_supplierinfo dump section
S210212,صندل نسائي مقاس 36-41 (شد 24),6900452102120,,,Not found in dump,No supplier rows in product_supplierinfo dump section
S210216,صندل نسائي مقاس 36-41 (شد 24),6900452102168,,,Not found in dump,No supplier rows in product_supplierinfo dump section
113370,طقم اطواق 10 موديل 5/8,6920251133705,,,Not found in dump,No supplier rows in product_supplierinfo dump section
161809,طقم اطواق مع الكلبس عدد الاشكال 10 4/5,6932164567867,,,Not found in dump,No supplier rows in product_supplierinfo dump section
121212,طقوم استيل مربع,5000121212,,,Not found in dump,No supplier rows in product_supplierinfo dump section
31313,طقوم استيل خفيف منوع,5000131313,,,Not found in dump,No supplier rows in product_supplierinfo dump section
4343,طقوم استيل فايتي كليف,434343,فايتي,,Inferred from item name,No supplier rows in product_supplierinfo dump section
4444,طقوم استيل مربع,444444,,,Not found in dump,No supplier rows in product_supplierinfo dump section
4545,طقوم استيل شكل ورقة,454545,,,Not found in dump,No supplier rows in product_supplierinfo dump section
AS-120120,طقوم استيل خناق,120120120,,,Not found in dump,No supplier rows in product_supplierinfo dump section
236514789632,طقوم زركون راقي,236514789632145,,,Not found in dump,No supplier rows in product_supplierinfo dump section
3939,طقوم زركون خناق,393939,,,Not found in dump,No supplier rows in product_supplierinfo dump section
4040,طقوم زركون ملون,404040,,,Not found in dump,No supplier rows in product_supplierinfo dump section
6262,طقوم زركون خناق طو,626262,,,Not found in dump,No supplier rows in product_supplierinfo dump section
6464,طقوم زركون كرت اصفر,646464,,,Not found in dump,No supplier rows in product_supplierinfo dump section
6565,طقوم زركون كرت ازرق,656565,,,Not found in dump,No supplier rows in product_supplierinfo dump section
790998,طقم اكسسوار علب هدايا 7 موديل 2,6988757909989,,,Not found in dump,No supplier rows in product_supplierinfo dump section
133133,ابيام كلبس فيونكات 4435,111133133,,,Not found in dump,No supplier rows in product_supplierinfo dump section
18534,فيونكات بناتي,4978326018534,,,Not found in dump,No supplier rows in product_supplierinfo dump section
709,قباضات نسائي,9502481758872,,,Not found in dump,No supplier rows in product_supplierinfo dump section
718,قباضات نسائي,2043408271199,,,Not found in dump,No supplier rows in product_supplierinfo dump section
2323,قطب زركون فص ملون,232323,,,Not found in dump,No supplier rows in product_supplierinfo dump section
2424,قطب زركون ملون صغير,242424,,,Not found in dump,No supplier rows in product_supplierinfo dump section
2626,قطب زركون ملون,262626,,,Not found in dump,No supplier rows in product_supplierinfo dump section
2727,قطب زركون ملون دائري,272727,,,Not found in dump,No supplier rows in product_supplierinfo dump section
2828,قطب زركون فراشه,282828,,,Not found in dump,No supplier rows in product_supplierinfo dump section
2929,قطب زركون منوع,292929,,,Not found in dump,No supplier rows in product_supplierinfo dump section
3030,قطب زركون *3 دائري,303030,,,Not found in dump,No supplier rows in product_supplierinfo dump section
3838,قطب زركون ثعبان,383838,,,Not found in dump,No supplier rows in product_supplierinfo dump section
3998,قطب دمعة زركون,39983998,,,Not found in dump,No supplier rows in product_supplierinfo dump section
120121,نقش حناء صغير,12121121,,,Not found in dump,No supplier rows in product_supplierinfo dump section
12120,نقش حناء منوع,12120120,,,Not found in dump,No supplier rows in product_supplierinfo dump section
225228,اقماع حناء المليكة,228225228,,,Not found in dump,No supplier rows in product_supplierinfo dump section
144144,مبارد,11144144,,,Not found in dump,No supplier rows in product_supplierinfo dump section
695657000888,نقش تاتو,6956570008882,,,Not found in dump,No supplier rows in product_supplierinfo dump section
